Rank,Severity,Category,Surface,File,Line,Issue,Recommendation
1,Critical,Code Convention,API Layer,features/station/station-api.ts,6,"stationApi is a standalone axios.create() instance that entirely bypasses the shared flairapi client, so all POS device traffic misses flairapi's auth-refresh, 401 handling, request dedupe, and system-error interceptors.","Route station requests through flairapi with per-call header overrides for the device token instead of a separate axios instance."
2,Critical,Code Convention,API Layer,features/station/station-api.ts,30,"staffApi is a second standalone axios.create() instance duplicating stationApi's setup, bypassing flairapi for all staff-authenticated POS/KDS write operations.","Consolidate into flairapi via an interceptor or per-call header override."
3,Critical,Code Convention,API Layer,features/station/station-api.ts,55,"publicApi is a third standalone axios.create() instance for the device pairing endpoint, again bypassing the shared flairapi client.","Use flairapi for this call as well, since it doesn't require withCredentials/auth headers by default."
4,Critical,Code Convention,Staff/POS/Station,features/station/useStationAuth.ts,25,"Station/POS device auth bearer tokens are read from and written to plain localStorage instead of @/misc/SecureStorage (confirmed independently at the call sites components/station/PairingScreen.tsx:42 and components/station/StationBootstrap.tsx:115), exposing session-equivalent tokens to any XSS on the page.","Store and read station/staff auth tokens via @/misc/SecureStorage instead of raw localStorage."
5,Critical,Code Convention,API Layer,features/business/employment/useBusinessEmployment.ts,7,"useQuery keyed on businessId has no enabled guard, so on first render with a falsy businessId the query still fires with an undefined/empty ID in the URL.","Add enabled: !!businessId to match every other business-scoped hook in the codebase."
6,Critical,Mobile Responsiveness,Customer/Public,components/diner-mode/DinerMenuTab.tsx,199,"The primary add-to-cart icon button on every menu item is only h-7 w-7 (28px), well under the ~36-40px minimum touch target, on the single highest-traffic mobile screen in the app (diner ordering).","Increase to at least h-9 w-9 (36px) to match the documented icon-button sizing."
7,Critical,Mobile Responsiveness,Staff/POS/Station,components/pos/OrderCart.tsx,225,"Quantity increment/decrement/remove buttons in the POS cart are h-8 w-8 (32px), below the ~40px target needed for reliable touch input during live order entry on a POS terminal.","Increase to at least h-10 w-10 (40px) for touch-first POS controls."
8,Critical,Architecture Violation,Pages/Routing,pages/business/@id/+Page.tsx,6,"Page directly imports and calls fetchDiscoveryProfileApiCall/fetchDiscoveryMenuApiCall inside a useSuspenseQuery instead of going through a features/ hook, violating the hard components-vs-features data layer rule.","Move the queryFn logic into a use*.ts feature hook and have the page call the hook."
9,Critical,Architecture Violation,Pages/Routing,pages/feed/+Page.tsx,19,"Page directly imports fetchDiscoveryBusinessesApiCall and runs it inside useSuspenseQuery, bypassing the feature-hook layer.","Wrap the suspense query in a dedicated feature hook (e.g. useDiscoverySearch) and call that from the page."
10,High,Mobile Responsiveness,Admin/Management,components/management/schedule/BulkStaffWeeklySetupModal.tsx,101,"Long multi-section DialogContent (staff, template, day toggles, per-day time inputs) has no max-h or overflow-y-auto so content can be clipped on short mobile viewports.","Add max-h-[85vh] overflow-y-auto to the DialogContent."
11,High,Mobile Responsiveness,Admin/Management,components/management/inventory/InventoryItemModal.tsx,65,"297-line item form modal (name, category, pricing, variants) lacks max-h/overflow-y-auto making it unscrollable if it exceeds the mobile viewport height.","Add max-h-[85vh] overflow-y-auto to DialogContent like BatchCreateTableModal does."
12,High,Mobile Responsiveness,Admin/Management,components/management/attendance/AttendanceFilters.tsx,37,"Filter bar uses four fixed pixel widths (w-[280px], w-[180px], w-[160px], w-[200px]) that stack on mobile via flex-col but each retains its fixed width, risking overflow on narrow (320-375px) phones.","Use w-full sm:w-[280px] style responsive widths instead of fixed px values."
13,High,Design Consistency,Admin/Management,components/management/reservations/ReservationActionButtons.tsx,76,"Action buttons use hardcoded Tailwind palette colors (border-green-300/text-green-700, border-blue-300, border-gray-300, border-orange-300, border-red-300) instead of design system tokens, and conditional classes are built with template literals instead of cn().","Map each action to semantic tokens (e.g. text-primary, text-destructive) and use cn() for the conditional layout logic."
14,High,Design Consistency,Admin/Management,components/management/menu/MenuItemRow.tsx,58,"Delete button sets variant=""destructive"" but then overrides with hardcoded bg-red-600 hover:bg-red-700 text-white, duplicating/conflicting with the destructive token styling.","Remove the hardcoded classes and rely on variant=""destructive"" (bg-destructive) alone."
15,High,Design Consistency,Admin/Management,components/management/attendance/EditAttendanceModal.tsx,96,"Primary ""Save"" button hardcodes bg-indigo-600 hover:bg-indigo-700 instead of using the default Button (bg-primary) styling; same pattern repeated in ValidationModal.tsx:275, ValidationModal.tsx:296, AbsenceManagementTab.tsx:53, AttendanceNotesModal.tsx:64.","Drop the hardcoded indigo classes and use the default primary Button variant so it follows theme tokens."
16,High,Design Consistency,Admin/Management,components/management/menu/MenuCategoryCard.tsx,129,"Toggle/action buttons hardcode bg-indigo-500 hover:bg-indigo-600 instead of bg-primary token; same anti-pattern in MenuCategoryCardSortable.tsx:116, SimpleMenuCategoryCard.tsx:91/140/154/192, CreateMenuModal.tsx:158-163, MenuItemRowSortable.tsx:58, SimpleMenuItemRow.tsx:91/153.","Replace all hardcoded indigo-* classes with primary/token-based classes (bg-primary, text-primary)."
17,High,Design Consistency,Admin/Management,components/management/menu/MenuItemRow.tsx,29,"Row background/border/text use raw zinc palette (bg-zinc-50, border-zinc-200, text-zinc-800, text-zinc-500) instead of bg-muted/border-border/text-foreground/text-muted-foreground tokens; same pattern across MenuCategoryCard.tsx, MenuCategoryCardSortable.tsx, SimpleMenuCategoryCard.tsx, DNDSortableCategories.tsx:219, CreateMenuModal.tsx.","Swap zinc-* utilities for the equivalent semantic tokens (bg-muted, border-border, text-foreground, text-muted-foreground)."
18,High,Mobile Responsiveness,Customer/Public,components/diner-mode/DinerMenuItemSheet.tsx,109,"The bottom sheet uses a pb-safe class for the iOS home-indicator safe area but no such Tailwind utility is defined anywhere in the project (no safe-area plugin/theme entry), so it is a dead class and the Add-to-order CTA gets no real safe-area padding.","Add a real safe-area utility (e.g. style={{paddingBottom: 'env(safe-area-inset-bottom)'}} or a configured pb-safe plugin) to the sheet."
19,High,Mobile Responsiveness,Customer/Public,components/feed/PublicFeedSearchHero.tsx,68,"The search submit button is hidden md:flex, leaving mobile users with no visible way to trigger search besides the keyboard Enter key.","Show a visible search icon-button on mobile (e.g. inside the input) instead of hiding the only CTA."
20,High,Design Consistency,Customer/Public,components/jobs/JobCard.tsx,23,"Card and its hover states use hardcoded zinc/blue Tailwind palette (border-zinc-200, group-hover:border-blue-200, text-zinc-900, text-zinc-500, bg-blue-50 text-blue-600) instead of design tokens, so this heavily-reused job board card won't adapt in dark mode and doesn't match the app's primary brand color.","Replace with border-border, text-foreground, text-muted-foreground, hover:border-primary/30, hover:text-primary, bg-primary/10 text-primary."
21,High,Design Consistency,Customer/Public,components/profile/settings/SessionManagementSettings.tsx,83,"Session row background uses bg-white border-gray-200 (and bg-green-50 border-green-200) hardcoded, which will not adapt at all in dark mode since bg-white is a raw color, not a token.","Replace with bg-card border-border and a token-based success state instead of raw green-50/200."
22,High,Mobile Responsiveness,Staff/POS/Station,components/inputs/LocationSelectionModal.tsx,172,"Dialog contains a map, radius slider and switches with no max-h or overflow-y-auto on DialogContent so it can overflow the viewport on short/phone screens.","Add max-h-[90vh] overflow-y-auto to the DialogContent like other modals in the codebase."
23,High,Mobile Responsiveness,Staff/POS/Station,components/station/POSApp.tsx,894,"Refresh icon button on the Orders view is h-7 w-7 (28px), too small for a touch-first tablet POS.","Increase to h-10 w-10 minimum for tablet touch targets."
24,High,Mobile Responsiveness,Staff/POS/Station,components/station/POSApp.tsx,966,"Refresh icon button on the Tables view is h-7 w-7 (28px), too small for reliable touch on POS tablet.","Increase to h-10 w-10 minimum for tablet touch targets."
25,High,Mobile Responsiveness,Staff/POS/Station,components/staff/orders/StaffAddOrderMobileView.tsx,63,"Back navigation button in the phone order-taking flow is only h-7 w-7 (28px), a small target for staff using personal phones.","Increase to at least h-9 w-9 (36px+) for phone touch targets."
26,High,Code Convention,Staff/POS/Station,components/pos/AttendancePanel.tsx,56,"useEffect directly calls staffApi.get to fetch clock-in status instead of using TanStack Query, bypassing caching/retry/error handling for a critical staff clock-in workflow.","Convert fetchStatus to a useQuery hook (e.g. useAttendanceStatus) with mutations for clock actions."
27,High,Code Convention,Staff/POS/Station,components/station/StationBootstrap.tsx,93,"Station bootstrap (station/me, station/menu, station/tables) is fetched with Promise.all inside an async function triggered from useEffect rather than TanStack Query.","Move to parallel useQuery calls or a single useQuery with select, enabling caching and background refetch."
28,High,Design Consistency,Staff/POS/Station,components/subscriptions/UpgradeModal.tsx,64,"Modal is built almost entirely with hardcoded zinc/indigo palette (bg-zinc-50, text-zinc-600, bg-indigo-100, text-indigo-600, hover:shadow-indigo-500/20) instead of bg-card/text-muted-foreground/text-primary tokens.","Rework to use design tokens so the upgrade modal follows the same theme as the rest of the app."
29,High,Design Consistency,Staff/POS/Station,components/staff/orders/StaffAddOrderMenu.tsx,66,"Search/select/menu list use a hardcoded gray/amber palette throughout (border-gray-300, focus:ring-amber-500, bg-white, border-gray-200, text-gray-700/800/900) instead of border-border/ring-ring/bg-card/text-foreground tokens.","Replace hardcoded gray/amber classes with design-system tokens for consistency and dark-mode support."
30,High,Design Consistency,Staff/POS/Station,components/station/KDSApp.tsx,242,"KDS ticket cards and most of the screen use a pervasive hardcoded slate-* palette (bg-white, border-slate-300, text-slate-900, bg-slate-100) instead of card/border/foreground tokens, effectively hardcoding a light theme.","Migrate to bg-card/border-border/text-foreground tokens so KDS respects the same token system as the rest of the app."
31,High,Code Convention,API Layer,features/station/station-api.ts,8,"Custom timeout: 30000 set on an axios instance outside lib/flairapi.ts, duplicated across all three exported instances, violating the rule that only per-call Timeouts.SHORT-style overrides are allowed outside flairapi.ts.","Remove custom global timeout config or move this into flairapi's shared config."
32,High,Code Convention,API Layer,features/support/service.ts,17,"getSupportCategories uses global fetch() instead of the shared flairapi instance, bypassing auth headers, error handling, and request dedupe.","Replace fetch with flairapi.get so this call gets the standard interceptors and error handling."
33,High,Code Convention,API Layer,features/support/service.ts,23,"submitSupportTicket uses global fetch() with manual JSON handling instead of flairapi.post, bypassing centralized error/toast handling.","Replace fetch with flairapi.post."
34,High,Code Convention,API Layer,features/profileSettings/service.ts,53,"regenerateBackupCodesApiCall uses global fetch() with credentials: 'include' instead of flairapi, bypassing the shared axios instance entirely for this call while every other function in the same file uses flairapi.","Replace with flairapi.post(regenerateBackupCodesUrl, undefined, { responseType: 'blob' }), matching the pattern already used in features/qr/service.ts for blob downloads."
35,High,Code Convention,API Layer,features/orders/service.ts,362,"reorderStationOrderApiCall dynamically imports staffApi from features/station/station-api and calls a bare path '/station/orders/.../reorder' instead of using the shared flairapi instance used by every other function in this file.","Expose a flairapi-based call here, or if station auth headers are required, add them as a per-call header override on flairapi rather than importing a separate axios instance."
36,High,Architecture Violation,Pages/Routing,pages/jobs/+Page.tsx,15,"Page directly imports fetchPublicJobsApiCall and calls it inside useSuspenseQuery, the same anti-pattern repeated a third time across public listing pages.","Extract a shared useSuspensePublicJobs-style feature hook so all three SSR listing pages follow the same rule."
37,High,Architecture Violation,Pages/Routing,pages/reset-password/+Page.tsx,11,"Page imports resetPasswordApiCall directly from features/auth/service and calls it in the Formik onSubmit, with error/success business logic living in the page.","Create a useResetPassword feature hook that owns the API call and result state."
38,High,Architecture Violation,Pages/Routing,pages/forgot-password/+Page.tsx,11,"Page imports forgotPasswordApiCall directly from features/auth/service and calls it in the Formik onSubmit.","Create a useForgotPassword feature hook that owns the API call and result state."
39,High,Architecture Violation,Pages/Routing,pages/tfa/+Page.tsx,12,"Page imports checkTfaApiCall directly from features/profileSettings/service and calls it in handleVerify, business logic embedded in the page.","Move the OTP verification call into a useTfa feature hook."
40,High,Architecture Violation,Pages/Routing,pages/jobs/my-applications/+guard.ts,8,"Guard redirects to /login?returnTo=/jobs/my-applications but login's guard/page only ever reads the origin query param, so returnTo is silently ignored and the user is dropped on /feed after login instead of returning to their applications; a near-identical guard exists in @applicationId/+guard.ts with the same bug.","Standardize all guards on the origin= convention used by every other protected route."
41,High,Architecture Violation,Pages/Routing,pages/jobs/@id/my-application/+guard.ts,8,"Guard redirects unauthenticated users to plain /login with no origin/returnTo at all, so post-login they lose their destination entirely -- a third divergent variant of the same login-redirect guard logic.","Use the shared origin= redirect convention like pages/join/+guard.ts and manage guards."
42,High,Code Convention,Pages/Routing,pages/manage/@id/owner/stations/+Page.tsx,89,"Four large inline component definitions (PairingCodeDialog, StationCard, KitchenStationCard, CategoryRoutingPanel) totaling roughly 500 lines are defined directly inside a 900-line +Page.tsx instead of components/.","Extract each into components/management/stations/*.tsx."
43,High,Code Convention,Pages/Routing,pages/manage/@id/owner/tasks/+Page.tsx,88,"TaskFormDialog, StatusUpdateDialog and TaskCard are ~350 combined lines of inline JSX components defined in the +Page.tsx rather than components/.","Extract to components/management/tasks/*.tsx."
44,High,Design Consistency,Pages/Routing,pages/learn/+Page.tsx,503,"Content area is offset with mt-16 and height calc(100vh - 64px) but the sticky LandingHeader it sits under is h-20 (80px), leaving 16px of content permanently hidden/overlapped behind the fixed header.","Change offsets to mt-20 / calc(100vh - 80px) to match the h-20 header."
45,High,Mobile Responsiveness,Pages/Routing,pages/manage/@id/owner/stations/+Page.tsx,705,"Summary stat row uses a fixed grid-cols-3 with no responsive breakpoint, unlike the grid two lines below it at 830 which is properly responsive, squeezing 3 stat cards into unreadable columns on tablet/mobile widths.","Add grid-cols-1 sm:grid-cols-3 (or similar) to match the pattern used elsewhere in the same file."
46,Medium,Mobile Responsiveness,Admin/Management,components/management/schedule/RecurringRuleModal.tsx,144,"Recurring shift rule dialog with multiple grid rows and day selectors has no max-h/overflow-y-auto for short viewports.","Add max-h-[85vh] overflow-y-auto to DialogContent."
47,Medium,Mobile Responsiveness,Admin/Management,components/management/schedule/BulkScheduleModal.tsx,100,"Bulk schedule creation dialog has no max-h/overflow-y-auto despite multiple form sections.","Add max-h-[85vh] overflow-y-auto to DialogContent."
48,Medium,Mobile Responsiveness,Admin/Management,components/management/reservations/EditReservationModal.tsx,130,"Edit reservation dialog with three stacked grid-cols-2 rows has no max-h/overflow-y-auto.","Add max-h-[85vh] overflow-y-auto to DialogContent."
49,Medium,Mobile Responsiveness,Admin/Management,components/management/settings/BusinessSettingsTax.tsx,318,"Tax rule create/edit DialogContent (and two others in this file at 504, 591) omit max-h/overflow-y-auto for potentially long tax forms.","Add max-h-[85vh] overflow-y-auto to each DialogContent."
50,Medium,Mobile Responsiveness,Admin/Management,components/management/attendance/ReportsTab.tsx,56,"DatePickerWithRange hardcoded to w-[280px] with no responsive/mobile override in a filter row.","Make the date picker w-full on mobile and constrain width only at sm breakpoint."
51,Medium,Mobile Responsiveness,Admin/Management,components/management/BusinessManagementHeader.tsx,38,"Header content container uses fixed px-6 padding instead of the documented responsive px-4 sm:px-6 lg:px-8 pattern.","Replace px-6 with px-4 sm:px-6 lg:px-8 to match design system page padding convention."
52,Medium,Mobile Responsiveness,Admin/Management,components/management/menu/SimpleMenuCategoryCard.tsx,68,"Category reorder up/down buttons are h-6 w-6 (24px), well under the ~36-40px touch target guideline on a card meant to be used on mobile.","Increase to at least h-9 w-9 or size=""icon"" default for touch-friendly tap targets."
53,Medium,Mobile Responsiveness,Admin/Management,components/management/reservations/ReservationDashboard.tsx,228,"View-reservation icon buttons are h-7 w-7 (28px), below the recommended touch target size, repeated at lines 337 and 398.","Bump to h-9 w-9 or use Button size=""icon"" for adequate tap targets."
54,Medium,Mobile Responsiveness,Admin/Management,components/management/discounts/DiscountsPage.tsx,80,"Page header row (title+description plus ""New Discount"" button) uses flex items-center justify-between with no flex-col fallback for mobile, unlike sibling ReservationDashboard which uses flex-col sm:flex-row.","Use flex flex-col sm:flex-row sm:items-center sm:justify-between gap-3 to stack on mobile."
55,Medium,Mobile Responsiveness,Admin/Management,components/management/reservations/AssignTableModal.tsx,1,"Table component used inside a dialog for table assignment has no explicit max-h/overflow guard beyond the base Table's overflow-auto, risking a very tall dialog on mobile with many tables.","Wrap the table list in a max-h-[50vh] overflow-y-auto container inside the dialog."
56,Medium,Design Consistency,Admin/Management,components/management/discounts/DiscountsPage.tsx,160,"Required-field asterisks use hardcoded text-red-500 instead of the text-destructive token, repeated across ~28 files and 65 occurrences (e.g. MenuItemRow.tsx, InventoryItemModal.tsx, JobForm.tsx).","Replace text-red-500/600 and bg-red-500/600 usages with text-destructive/bg-destructive tokens."
57,Medium,Design Consistency,Admin/Management,components/management/create/BusinessSocialLinksInput.tsx,47,"Icon and label use hardcoded text-gray-500/text-gray-700 instead of text-muted-foreground/text-foreground tokens, same in BusinessTagsInput.tsx:47, LocationPlaceholderCard.tsx:17, BusinessBrandingGalleryUpload.tsx:209, BusinessBrandingLogoUpload.tsx:56.","Use text-muted-foreground / text-foreground tokens instead of raw gray-* classes."
58,Medium,Design Consistency,Admin/Management,components/management/inventory/BarcodeScannerDialog.tsx,409,"Scan-line animation uses hardcoded hex color #4ade80 in a raw <style> block instead of a design token.","Use an existing token (e.g. var(--primary) or a success token) instead of the raw hex value."
59,Medium,Design Consistency,Admin/Management,components/management/website/SiteBuilderManager.tsx,151,"Cards use rounded-2xl (also line 145) which deviates from the documented rounded-xl card convention; same deviation in BusinessReviewsDashboard.tsx:136 and ChangePlanModal.tsx:89.","Standardize on rounded-xl for card components per the design system."
60,Medium,Design Consistency,Admin/Management,components/management/discounts/DiscountsPage.tsx,82,"Page h1 uses text-3xl with no responsive variant while sibling pages use text-2xl, and neither follows the documented mobile-first pattern; same text-3xl inconsistency in PayrollPage.tsx:190, TipPoolingPage.tsx:120, SiteBuilderManager.tsx:134.","Standardize page headers to text-xl sm:text-2xl (or sm:text-3xl) across all management pages."
61,Medium,Design Consistency,Admin/Management,components/management/reservations/ReservationDashboard.tsx,97,"Stat tile colors are hardcoded (bg-gray-100 text-gray-600, bg-blue-100, bg-green-100, bg-orange-100, bg-red-100) instead of theme tokens.","Define semantic status tokens or reuse existing chart/status tokens instead of raw Tailwind palette colors."
62,Medium,Code Convention,Admin/Management,components/management/menu/MenuItemRow.tsx,1,"MenuItemRow.tsx, MenuItemRowSortable.tsx and SimpleMenuItemRow.tsx are three near-duplicate implementations of the same ""menu item row"" concept (935 combined lines across the 6 menu row/card files), causing divergent styling and tokens between them.","Consolidate into a single configurable MenuItemRow component to avoid drift in styling/consistency."
63,Medium,Mobile Responsiveness,Customer/Public,components/diner-mode/DinerMenuItemSheet.tsx,223,"Quantity stepper minus/plus buttons in the item customization sheet are h-8 w-8 (32px), below the recommended mobile touch target size.","Bump to h-9 w-9 or larger for easier tapping while holding a phone."
64,Medium,Mobile Responsiveness,Customer/Public,components/diner-mode/DinerCartFab.tsx,19,"Floating cart button is fixed bottom-24 with no accounting for iOS safe-area-inset-bottom, so it can sit awkwardly close to or under the home-indicator gesture area.","Add safe-area padding/offset to fixed bottom-positioned elements in diner mode."
65,Medium,Mobile Responsiveness,Customer/Public,components/diner-mode/DinerModeBanner.tsx,26,"Fixed bottom-6 banner has no safe-area-inset-bottom handling.","Add safe-area padding consistent with other fixed bottom overlays."
66,Medium,Mobile Responsiveness,Customer/Public,components/business_details/BusinessDetailsOrderModal.tsx,141,"DialogContent has no max-h/overflow-y-auto, so on a small phone in landscape or with the nearby-orders location panel expanded the dialog content can overflow the viewport.","Add max-h-[90vh] overflow-y-auto like BusinessDetailsReserveTableModal does."
67,Medium,Mobile Responsiveness,Customer/Public,components/jobs/ApplyModal.tsx,81,"ApplyModal's DialogContent has no max-h/overflow-y-auto; cover letter textarea plus resume options can exceed viewport height on small phones especially with the keyboard open.","Add max-h-[90vh] overflow-y-auto to the DialogContent."
68,Medium,Mobile Responsiveness,Customer/Public,components/landing/FeaturesSection.tsx,39,"The editorial image pair wrapper only has flex (no flex-col fallback), so the documented w-[45%]/w-[55%] image split renders as two narrow side-by-side columns even on the smallest phones.","Add a flex-col sm:flex-row (or similar) breakpoint so images can stack on very narrow viewports."
69,Medium,Mobile Responsiveness,Customer/Public,components/profile/ProfileFavoriteCard.tsx,33,"The clickable link wrapper around business name/description has no min-w-0, and the name has no truncate/line-clamp, unlike the sibling ProfileReservationCard which does both -- long business names can overflow the card on narrow phones.","Add min-w-0 to the flex wrapper and truncate (or line-clamp-1) to the name, matching ProfileReservationCard's pattern."
70,Medium,Design Consistency,Customer/Public,components/marketplace/MarketplaceLayout.tsx,37,"Page container uses max-w-[1400px] which exceeds the documented max-w-7xl (1280px) cap; DESIGN_SYSTEM.md explicitly lists ""go wider than 1280px"" as a Don't.","Change to max-w-7xl to match the rest of the app."
71,Medium,Design Consistency,Customer/Public,components/landing/ProblemSolutionSection.tsx,230,"Top-level wrapper is a plain div with py-16 px-4 instead of the documented section + max-w-7xl mx-auto px-4 sm:px-6 lg:px-8 pattern, and double-applies horizontal padding via a nested px-4 sm:px-6.","Refactor to follow the documented section/container structure."
72,Medium,Design Consistency,Customer/Public,components/landing/IntegrationSection.tsx,12,"Section wrapper uses div className=""... py-16 px-4"" instead of the documented section + max-w-7xl mx-auto px-4 sm:px-6 lg:px-8 container convention.","Align with the documented section structure used by FeaturesSection/StaffManagementFeature."
73,Medium,Design Consistency,Customer/Public,components/jobs/JobCard.tsx,68,"Footer meta text uses text-zinc-400/text-zinc-50 instead of muted-foreground/border tokens.","Replace with text-muted-foreground and border-border/50."
74,Medium,Design Consistency,Customer/Public,components/jobs/ApplicationTimeline.tsx,49,"EVENT_ICON_CLASS map hardcodes raw Tailwind colors (bg-blue-100, bg-purple-100, bg-yellow-100, bg-green-100, bg-red-100, bg-zinc-100, bg-indigo-100, bg-emerald-100) for status icons instead of design tokens.","Introduce semantic status tokens or reuse existing badge color patterns consistently instead of ad hoc palette values."
75,Medium,Design Consistency,Customer/Public,components/profile/ProfileOverviewOrdersChart.tsx,66,"Recharts Line stroke is hardcoded to hex #2563eb instead of using the primary CSS token.","Use a CSS var (e.g. stroke=""hsl(var(--primary))"") so the chart line follows theme/dark-mode changes."
76,Medium,Design Consistency,Customer/Public,components/profile/CustomerReservationActionBar.tsx,92,"""I'm running late"" button uses hardcoded border-amber-300 text-amber-700 hover:bg-amber-50 instead of a token-based warning style.","Define/use a token-based warning variant instead of raw amber-300/700/50."
77,Medium,Design Consistency,Customer/Public,components/profile/CustomerReservationActionBar.tsx,184,"""Request cancellation"" trigger button uses hardcoded border-red-300 text-red-700 hover:bg-red-50 instead of the existing --destructive token.","Use text-destructive border-destructive/30 hover:bg-destructive/10 to match the design system's error color."
78,Medium,Code Convention,Customer/Public,components/diner-mode/DinerModeLayout.tsx,46,"Orphaned/unused layout component passes props that don't match its children's real interfaces (reservation to DinerModeHeader which only accepts tableLabel; allowOrders to DinerMenuTab which only accepts canOrder; missing props for DinerMyOrderTab) -- would fail type-checking if it were ever wired up. Actual diner pages use pages/diner/@businessId/+Layout.tsx instead.","Delete this orphaned component, or fix its prop usage to match the real child component interfaces."
79,Medium,Mobile Responsiveness,Staff/POS/Station,components/notifications/NotificationBubble.tsx,97,"PopoverContent is fixed at w-80 (320px) with no max-w-[90vw] cap so it can overflow the viewport on narrow phones.","Cap width with a responsive class e.g. w-80 max-w-[90vw]."
80,Medium,Mobile Responsiveness,Staff/POS/Station,components/pos/SplitBillPanel.tsx,192,"Check-count selector buttons are w-8 h-8 (32px), under the recommended touch target size for POS tablet use.","Increase to h-10 w-10 for touch-first split-bill configuration."
81,Medium,Mobile Responsiveness,Staff/POS/Station,components/pos/PaymentModal.tsx,234,"Confirm-payment DialogContent uses overflow-hidden with no max-h/overflow-y-auto, so expanding Discount/Split panels plus keypad can get clipped instead of scrolling.","Replace overflow-hidden with max-h-[90vh] overflow-y-auto so nested panels can scroll."
82,Medium,Code Convention,Staff/POS/Station,components/station/ExpoScreen.tsx,233,"Expo order feed is polled via setInterval inside useEffect calling staffApi.get directly instead of useQuery's refetchInterval.","Use useQuery({queryKey:['kds-orders','expo'], refetchInterval: 12000}) for consistency with project data-fetching rules."
83,Medium,Code Convention,Staff/POS/Station,components/inputs/LocationSelectionModal.tsx,14,"Six imports use relative paths ('../ui/alert', '../ui/button', etc.) instead of the '@/' alias used everywhere else in the codebase.","Change to '@/components/ui/...' imports for consistency."
84,Medium,Code Convention,Staff/POS/Station,components/inputs/AddressAutocomplete.tsx,46,"Debounced address search calls Radar.autocomplete() directly inside useEffect rather than through TanStack Query.","Wrap in a useQuery with a debounced/enabled key, or a dedicated mutation hook."
85,Medium,Code Convention,Staff/POS/Station,components/inputs/DataPagination.tsx,53,"Wrapping div uses a large style={{ all: 'revert', ... }} inline style object that fully bypasses Tailwind/cn(), duplicating classes already set via className.","Remove the inline style reset and rely on Tailwind classes/cn() only."
86,Medium,Code Convention,Staff/POS/Station,components/payments/LemonPaymentOverlay.tsx,9,"useEffect depends on the whole props object, so LemonSqueezy.Url.Open can re-fire on every unrelated parent re-render, not just when url changes.","Depend on props.url specifically instead of the whole props object."
87,Medium,Design Consistency,Staff/POS/Station,components/analytics/AnalyticsRevenueChart.tsx,46,"Chart line/dot colors are hardcoded hex (#4F46E5) instead of a CSS design token.","Reference a chart color CSS variable (e.g. hsl(var(--chart-1))) as set up in components/ui/chart.tsx."
88,Medium,Design Consistency,Staff/POS/Station,components/analytics/AnalyticsBusiestHoursChart.tsx,71,"Bar fill color hardcoded as #4F46E5 instead of a design token.","Use a chart CSS variable for consistency with the token system."
89,Medium,Design Consistency,Staff/POS/Station,components/analytics/AnalyticsOrderTypesChart.tsx,18,"Pie chart COLORS array is hardcoded hex values (#4F46E5, #10B981, #F59E0B) instead of design tokens.","Source colors from CSS chart variables instead of a hardcoded array."
90,Medium,Design Consistency,Staff/POS/Station,components/analytics/AnalyticsTopProductsTable.tsx,25,"Table uses hardcoded zinc-* palette with manual dark: variants (text-zinc-700, bg-zinc-50 dark:bg-zinc-800) instead of semantic tokens like text-muted-foreground/bg-muted.","Replace zinc-* utility classes with token-based classes so theming stays consistent."
91,Medium,Design Consistency,Staff/POS/Station,components/analytics/AnalyticsKpiCards.tsx,65,"KPI card labels/values use hardcoded zinc-* colors (text-zinc-600 dark:text-zinc-400, text-zinc-900 dark:text-zinc-100) instead of text-muted-foreground/text-foreground tokens.","Replace with semantic text tokens."
92,Medium,Design Consistency,Staff/POS/Station,components/subscriptions/UpgradeModal.tsx,131,"Pricing cards use rounded-3xl and the dialog uses rounded-2xl, deviating from the documented rounded-xl card / rounded-lg standard.","Align to rounded-xl for cards per design system."
93,Medium,Design Consistency,Staff/POS/Station,components/shared/ConfirmationPopup.tsx,31,"Confirm button colors are hardcoded (bg-red-600 hover:bg-red-700, bg-blue-600 hover:bg-blue-700) instead of using bg-destructive/bg-primary tokens.","Use variant=""destructive"" / default Button variants instead of raw hex-mapped Tailwind colors."
94,Medium,Design Consistency,Staff/POS/Station,components/station/PairingScreen.tsx,59,"Pairing screen hardcodes bg-slate-50/text-slate-900/border-slate-200 instead of using bg-background/text-foreground/border-border tokens.","Replace slate-* classes with semantic tokens."
95,Medium,Design Consistency,Staff/POS/Station,components/station/ExpoScreen.tsx,93,"Expo tickets use bg-white and text-slate-500 hardcoded colors instead of bg-card/text-muted-foreground tokens.","Replace hardcoded colors with design tokens."
96,Medium,Code Convention,API Layer,features/auth/service.ts,67,"logoutUserApiCall passes withCredentials: true as a per-call axios config, which the rules say should not be set outside lib/flairapi.ts (flairapi already sets withCredentials: true globally).","Remove the redundant withCredentials override since flairapi already sets it globally."
97,Medium,Code Convention,API Layer,features/notifications/useNotificationSocket.ts,84,"EventSource is constructed with { withCredentials: true } directly against the literal API base outside flairapi.ts; this duplicates auth/session wiring outside the centralized client.","Consider centralizing SSE connection setup/config alongside flairapi conventions, or document this as an accepted exception."
98,Medium,Code Convention,API Layer,features/notifications/useNotificationSocket.ts,142,"useNotificationSocket's useEffect directly calls registerDeviceTokenApiCall/removeDeviceTokenByDeviceIdApiCall instead of wrapping the device-token registration in useMutation, bypassing TanStack Query for this API call.","Wrap the device-token register/unregister calls in useMutation, keeping only the FCM/SSE wiring itself in useEffect."
99,Medium,Code Convention,API Layer,features/dashboard/pinnedLinks/service.ts,2,"Relative import goes up two directory levels (""../../shared/api-response"") instead of using the @/ alias used everywhere else.","Change to import { unwrap } from ""@/features/shared/api-response""."
100,Medium,Code Convention,API Layer,features/business/team/service.ts,2,"Relative import goes up two directory levels (""../../shared/api-response"") instead of the @/ alias convention used elsewhere in the codebase.","Change to import { unwrap } from ""@/features/shared/api-response""."
101,Medium,Code Convention,API Layer,features/business/menu/service.ts,2,"Relative import goes up two directory levels (""../../shared/api-response"") instead of the @/ alias convention.","Change to import { unwrap } from ""@/features/shared/api-response""."
102,Medium,Design Consistency,Pages/Routing,pages/manage/@id/staff/tasks/+Page.tsx,61,"StatusUpdateDialog and TaskCard are near-duplicate copies of the same components defined independently in the owner tasks page, risking behavior drift.","Share one component between owner and staff task pages instead of maintaining two copies."
103,Medium,Code Convention,Pages/Routing,pages/learn/+Page.tsx,301,"TutorialContent (~146 lines) and TutorialSidebar (~117 lines, line 94) are large inline components defined inside +Page.tsx rather than components/.","Extract TutorialContent and TutorialSidebar into components/learn/*.tsx."
104,Medium,Code Convention,Pages/Routing,pages/profile/jobs/+Page.tsx,64,"ApplicationsTab (~134 lines) and InvitationsTab (~110 lines, line 199) are large inline tab components defined directly in the +Page.tsx.","Extract into components/profile/jobs/*.tsx."
105,Medium,Mobile Responsiveness,Pages/Routing,pages/diner/@businessId/+Layout.tsx,220,"Fixed bottom navigation bar has no safe-area-inset-bottom padding, so on notched iPhones the nav can sit flush against/behind the home-indicator gesture area.","Add pb-[env(safe-area-inset-bottom)] (or equivalent) to the nav container."
106,Medium,Design Consistency,Pages/Routing,pages/login/+Page.tsx,54,"Auth pages (login, signup, forgot-password, reset-password) hardcode bg-white text-zinc-900 and inline hex colors (#6366F1/#5859E9) instead of the design system's bg-background/text-foreground/primary tokens.","Replace hardcoded colors/hex values with semantic Tailwind tokens so auth pages respect theme/dark mode like the rest of the app."
107,Medium,Design Consistency,Pages/Routing,pages/signup/+Page.tsx,118,"Same hardcoded #6366F1 hex color and zinc palette pattern duplicated from login/reset/forgot-password pages.","Consolidate into a shared AuthLayout using design tokens."
108,Medium,Design Consistency,Pages/Routing,pages/support/+Page.tsx,85,"Page-level container uses max-w-5xl with fixed px-6 instead of the design system's specified max-w-7xl and responsive px-4 sm:px-6 lg:px-8.","Align container width/padding with DESIGN_SYSTEM.md spec."
109,Medium,Design Consistency,Pages/Routing,pages/terms/+Page.tsx,93,"Page-level container uses max-w-5xl with fixed px-6 instead of the documented max-w-7xl / px-4 sm:px-6 lg:px-8 pattern, same as privacy and gdpr pages.","Align container width/padding with DESIGN_SYSTEM.md spec."
110,Medium,Design Consistency,Pages/Routing,pages/gdpr/+Page.tsx,84,"Page-level container uses max-w-5xl with fixed px-6 instead of the documented max-w-7xl / px-4 sm:px-6 lg:px-8 pattern.","Align container width/padding with DESIGN_SYSTEM.md spec."
111,Medium,Architecture Violation,Pages/Routing,pages/tfa/+Page.tsx,1,"Two-factor page mixes verification API-call logic and logout handling directly in the component body alongside the direct service import noted separately.","Consolidate into the same feature hook used to fix the direct service import."
112,Medium,Architecture Violation,Pages/Routing,pages/login/+Page.tsx,46,"Page reads/removes an auth-related flag (auth_logout_reason) directly via localStorage instead of the SecureStorage abstraction.","Route this through @/misc/SecureStorage like other auth/session data."
113,Low,Mobile Responsiveness,Admin/Management,components/management/BusinessHoursInput.tsx,62,"Root container uses fixed p-8 padding and min-h-screen instead of responsive page padding, and h1 uses text-3xl with no smaller mobile variant.","Use px-4 sm:px-6 lg:px-8 padding and text-2xl sm:text-3xl for the heading."
114,Low,Mobile Responsiveness,Admin/Management,components/management/attendance/EditAttendanceModal.tsx,69,"grid-cols-4 label/input rows inside a sm:max-w-[425px] dialog have no mobile-specific fallback (label gets very cramped at narrow widths), repeated pattern across many schedule/reservation modals.","Consider grid-cols-3 sm:grid-cols-4 or stacking label above input below sm breakpoint."
115,Low,Mobile Responsiveness,Admin/Management,components/management/attendance/ClockInQrDialog.tsx,83,"QR code container is fixed h-[200px] w-[200px] with no responsive scaling for very small viewports.","Use a responsive size e.g. h-40 w-40 sm:h-[200px] sm:w-[200px]."
116,Low,Mobile Responsiveness,Admin/Management,components/management/inventory/AdjustStockModal.tsx,80,"TabsList uses grid-cols-4 with w-full and no responsive fallback, tab labels can be cramped on narrow dialog widths.","Consider a 2-column grid on very small screens or shrink label text with truncate."
117,Low,Design Consistency,Admin/Management,components/management/settings/BusinessSettingsLabor.tsx,75,"Row hover containers use rounded-sm (repeated at lines 89, 103, 120, 134, 148, 163, 188, 200) which is the input-radius convention, inconsistent with sibling rows elsewhere that use rounded-md/lg.","Use rounded-md for row hover backgrounds to align with convention."
118,Low,Design Consistency,Admin/Management,components/management/menu/ItemsDuplicationModal.tsx,119,"Conditional classNames are built with template literals instead of the cn() helper (also lines 169, 175, 180).","Refactor to cn() from @/lib/utils for conditional class composition."
119,Low,Design Consistency,Admin/Management,components/management/dashboard/WelcomeChecklist.tsx,121,"Conditional className built via template literal string interpolation instead of cn(), and step text falls back to hardcoded text-zinc-800 dark:text-zinc-100 rather than a token.","Use cn() for the conditional classes and text-foreground for the base color."
120,Low,Design Consistency,Admin/Management,components/management/staff/teams/CreateEditTeamModal.tsx,32,"colorCode default fallback hardcodes ""#000000"" rather than referencing a token/default swatch consistent with ShiftTemplateModal.tsx:34.","Define a shared default color constant sourced from the palette instead of duplicating hex literals."
121,Low,Design Consistency,Admin/Management,components/management/schedule/ManagerScheduleShiftsTab.tsx,92,"Inline style={{ backgroundColor: template.colorCode || '#ccc' }} hardcodes a fallback gray hex instead of a token.","Fall back to a CSS variable/token (e.g. var(--muted)) instead of a raw hex value."
122,Low,Design Consistency,Admin/Management,components/management/staff/teams/TeamsSection.tsx,136,"Same hardcoded '#ccc' fallback color pattern as ManagerScheduleShiftsTab.tsx, duplicated logic increases risk of future drift from tokens.","Centralize the fallback color as a shared constant tied to a design token."
123,Low,Code Convention,Admin/Management,components/management/settings/BusinessSettingsLocation.tsx,21,"Relative import goes up two directory levels (../../ClientOnly) instead of using the @/ path alias required by project conventions.","Change to import { ClientOnly } from ""@/components/ClientOnly""."
124,Low,Code Convention,Admin/Management,components/management/schedule/BulkStaffWeeklySetupModal.tsx,149,"Raw native <input type=""radio""> elements are used instead of the shadcn RadioGroup/RadioGroupItem primitives used elsewhere in the codebase.","Replace with @/components/ui/radio-group for consistent styling and accessibility."
125,Low,Code Convention,Admin/Management,components/management/dashboard/WelcomeChecklist.tsx,23,"Directly reads/writes localStorage for dismiss-state instead of going through the project's storage abstraction.","Route through @/misc/SecureStorage (or a dedicated local UI-prefs helper) rather than calling localStorage directly."
126,Low,Code Convention,Admin/Management,components/management/DashboardOrdersGraph.tsx,23,"Component renders hardcoded placeholder chartData (""Septembner 2025"" typo) instead of wiring to real query data, and appears to be leftover scaffold code still present in the management directory.","Wire the chart to a real useQuery hook or remove the unused placeholder component."
127,Low,Code Convention,Admin/Management,components/management/DashboardSalesGraph.tsx,21,"Same as DashboardOrdersGraph.tsx: hardcoded mock chart data left in place rather than fetched via TanStack Query.","Wire to real query data or remove if unused."
128,Low,Mobile Responsiveness,Customer/Public,components/diner-mode/DinerModeWatcher.tsx,30,"Fixed bottom-6 seated-reservation nudge has no safe-area-inset-bottom handling.","Add safe-area padding for iOS devices with a home indicator."
129,Low,Mobile Responsiveness,Customer/Public,components/profile/settings/NotificationPreferencesSettings.tsx,106,"Notification matrix uses a fixed grid-cols-[1fr_repeat(3,3.5rem)] with no smaller-screen adjustment; long labels combined with three 56px switch columns leave very little width for the label on narrow phones.","Consider stacking channel columns or shrinking column width further on small screens."
130,Low,Mobile Responsiveness,Customer/Public,components/diner-mode/DinerModeHeader.tsx,44,"Exit (""X"") button in the diner header uses the default icon Button size with a w-4 h-4 icon; combined with the shrink-0 logo it's a fairly small tap target for the header's only navigation action on a phone.","Verify the rendered size is at least 36-40px, or bump to size-10 for a more comfortable header exit tap target."
131,Low,Mobile Responsiveness,Customer/Public,components/business_details/BusinessDetailsReserveTableModal.tsx,250,"Pre-order quantity +/- buttons in the reservation modal are h-7 w-7 (28px), a small touch target inside an already narrow accordion row.","Increase to at least 32-36px for easier tapping."
132,Low,Design Consistency,Customer/Public,components/landing/LandingFaqSection.tsx,39,"Same non-conforming py-16 px-4 wrapper pattern instead of the documented section/container structure.","Align with the documented section structure."
133,Low,Design Consistency,Customer/Public,components/landing/LandingPricingSection.tsx,185,"Outer container uses py-16 sm:py-20 (missing md:py-24) and px-4 sm:px-8 instead of the documented py-16 md:py-24 / px-4 sm:px-6 lg:px-8 scale.","Align spacing scale with DESIGN_SYSTEM.md section convention."
134,Low,Design Consistency,Customer/Public,components/business_details/BusinessDetailsTableReservation.tsx,212,"Date/time and guest pickers use raw native <select> elements with custom appearance-none styling instead of the shadcn Select component used elsewhere in the app.","Replace with the shared Select/SelectTrigger/SelectContent components for consistent styling and keyboard/a11y behavior."
135,Low,Design Consistency,Customer/Public,components/marketplace/MarketplaceCard.tsx,88,"In-stock badge uses hardcoded bg-green-500/15 text-green-500 instead of a design token.","Use a token-based success color or align with other ""available/in stock"" badges in the app."
136,Low,Design Consistency,Customer/Public,components/feed/PublicFeedSearchHero.tsx,25,"Hero section uses container mx-auto px-4 instead of the documented max-w-7xl mx-auto px-4 sm:px-6 lg:px-8 container pattern.","Align container/padding with the documented section structure."
137,Low,Design Consistency,Customer/Public,components/landing/LandingPricingSection.tsx,95,"isHighlighted plan uses bg-gradient-to-b from-[#8A89F9] to-[#6366F1] and ring-[#8A89F9]/50 -- sanctioned exception hexes per DESIGN_SYSTEM.md, but duplicated literally in two places without a shared token/class.","Extract the featured-card gradient/ring into a reusable class or CSS variable to avoid drift between copies."
138,Low,Design Consistency,Customer/Public,components/jobs/ApplicationTimeline.tsx,124,"Terminal-state banners use hardcoded bg-green-50 border-green-200 text-green-800 and bg-emerald-50 border-emerald-200 text-emerald-800 rather than tokens.","Consolidate to a token-based success style."
139,Low,Design Consistency,Customer/Public,components/business_details/FloorPlanPublicView.tsx,491,"Floor-plan canvas wrapper uses bg-slate-50 (raw Tailwind gray) instead of a bg-muted token for its background.","Use bg-muted for the canvas background to stay consistent with token usage elsewhere."
140,Low,Code Convention,Customer/Public,"components/landing/ProblemSolutionSection copy.tsx",1,"Orphaned duplicate file (237 lines) with a space in its filename, not imported anywhere in the codebase.","Delete the stale copy; it is leftover cruft that risks confusing future edits."
141,Low,Code Convention,Customer/Public,components/profile/settings/SessionManagementSettings.tsx,14,"Leftover console.log debug statement in handleDisconnect.","Remove the console.log before shipping."
142,Low,Code Convention,Customer/Public,components/landing/AnimatedScrollArrow.tsx,1,"useEffect is used for a purely visual anime.js entrance animation (not data fetching), which is fine, but the effect's cleanup pattern (scope.current.revert() without an optional-chaining guard) differs from the ref-guarded pattern used in every other landing animation component.","Align with the scope.current?.revert() pattern used elsewhere for consistency."
143,Low,Mobile Responsiveness,Staff/POS/Station,components/pos/AttendanceQrDialog.tsx,85,"QR code is rendered at a fixed size={200} instead of scaling with container width like QrcodePopup does.","Use a responsive width (e.g. width:100%, maxWidth) as done in components/shared/QrcodePopup.tsx."
144,Low,Mobile Responsiveness,Staff/POS/Station,components/station/StationBootstrap.tsx,103,"Full-height loading/error screens force min-h-screen with no accounting for tablet safe-areas, acceptable for kiosk but worth confirming with device chrome.","Verify safe-area padding on kiosk browser chrome if applicable."
145,Low,Mobile Responsiveness,Staff/POS/Station,components/pos/OrderCart.tsx,91,"OrderCart panel has no defined width and relies entirely on parent flex sizing; on very narrow layouts (station split view) totals/buttons could compress without a documented min-width fallback.","Confirm a sensible min-w on the cart column for narrow viewport/split-screen station layouts."
146,Low,Code Convention,Staff/POS/Station,components/notifications/NotificationList.tsx,128,"Conditional classNames built with template-literal string concatenation instead of cn() from @/lib/utils.","Use cn(""p-4 flex gap-4 ..."", !isRead && ""bg-muted/20"")."
147,Low,Code Convention,Staff/POS/Station,components/notifications/NotificationBubble.tsx,125,"Conditional classNames built with template-literal string concatenation instead of cn().","Use cn() for conditional classes as elsewhere in the codebase."
148,Low,Code Convention,Staff/POS/Station,components/pos/StaffPinScreen.tsx,125,"Numpad button classNames use template-literal concatenation instead of cn().","Use cn() for conditional classes."
149,Low,Code Convention,Staff/POS/Station,components/payments/LemonPaymentOverlay.tsx,13,"Multiple leftover console.log debug statements left in production code.","Remove debug console.log calls."
150,Low,Code Convention,Staff/POS/Station,components/notifications/NotificationBubble.tsx,128,"Icon visually resized via a scale-75 transform hack instead of using the smaller Lucide size class directly.","Use an explicit w-4 h-4 icon variant instead of CSS-scaling a w-5 h-5 icon."
151,Low,Design Consistency,Staff/POS/Station,components/analytics/AnalyticsTimeFilter.tsx,50,"SelectTrigger uses hardcoded bg-white dark:bg-zinc-950 instead of bg-card/bg-background token.","Use bg-card or remove the override to inherit token-based styling."
152,Low,Design Consistency,Staff/POS/Station,components/pos/ProductCard.tsx,27,"Product card uses rounded-2xl while the design system specifies rounded-xl for cards.","Use rounded-xl to match documented card radius."
153,Low,Design Consistency,Staff/POS/Station,components/shared/ConfirmAction.tsx,71,"Popover confirmation text uses text-zinc-500/text-zinc-600 instead of text-muted-foreground token.","Replace with text-muted-foreground for token consistency."
154,Low,Design Consistency,Staff/POS/Station,components/inputs/AddressAutocomplete.tsx,112,"Autocomplete dropdown uses hardcoded bg-white instead of bg-popover/bg-card token, so it won't adapt in dark mode.","Use bg-popover to match other dropdown surfaces."
155,Low,Design Consistency,Staff/POS/Station,components/analytics/AnalyticsRevenueChart.tsx,32,"Card uses shadow-sm, an arbitrary shadow value outside the documented shadow-lg (standard) / shadow-2xl (featured) scale used elsewhere in the app.","Standardize on shadow-lg per design system guidance."
156,Low,Code Convention,API Layer,features/notifications/useNotificationSocket.ts,20,"fcm_device_id is stored in plain localStorage rather than SecureStorage; not a bearer token itself but it's a persistent per-device identifier tied to push notification delivery for the authenticated user.","Consider moving to SecureStorage for consistency with other identifiers, or document why this one is exempt."
157,Low,Code Convention,API Layer,features/profileSettings/usePasswordSettings.ts,4,"Imports AxiosError directly from 'axios' in a hook file; harmless as a type-only import but inconsistent with the pattern of never touching axios outside service.ts/flairapi.ts.","Consider re-exporting an app-level error-type helper instead of importing axios directly in hook files, for consistency."
158,Low,Code Convention,API Layer,features/auth/useAuth.ts,13,"Imports AxiosError directly from 'axios' in a hook file, same pattern as usePasswordSettings.ts.","Same as above -- consider a shared error-type wrapper instead of a direct axios import in hooks."
159,Low,Code Convention,Pages/Routing,pages/join/+guard.ts,8,"Leftover debug console.log of the user object left in guard code that runs on every request to this route.","Remove the console.log before merging."
160,Low,Design Consistency,Pages/Routing,pages/manage/@id/owner/jobs/@jobId/applications/+Page.tsx,94,"Page uses hardcoded zinc-* utility classes (bg-white text-zinc-900, text-zinc-500, bg-zinc-100, etc.) instead of semantic muted-foreground/foreground/card tokens used elsewhere in manage/.","Swap zinc-* literals for bg-card/text-muted-foreground/bg-muted tokens."
161,Low,Design Consistency,Pages/Routing,pages/manage/@id/owner/menu/+Page.tsx,1,"Page uses hardcoded zinc-* color classes rather than the design system's semantic color tokens.","Swap zinc-* literals for semantic tokens for dark-mode consistency."
162,Low,Design Consistency,Pages/Routing,pages/business/@id/+Page.tsx,74,"Page containers use max-w-6xl px-6 rather than the documented max-w-7xl px-4 sm:px-6 lg:px-8.","Align with DESIGN_SYSTEM.md spec or document the exception."
163,Low,Design Consistency,Pages/Routing,pages/manage/join/+Page.tsx,96,"Multiple containers on this page use max-w-6xl px-6 instead of the documented max-w-7xl / responsive padding pattern.","Align with DESIGN_SYSTEM.md spec."
164,Low,Design Consistency,Pages/Routing,pages/manage/(global)/overview/+Page.tsx,36,"Page container uses max-w-6xl instead of the documented max-w-7xl.","Align with DESIGN_SYSTEM.md spec."
165,Low,Design Consistency,Pages/Routing,pages/manage/(global)/plans/+Page.tsx,89,"Container uses max-w-6xl instead of the documented max-w-7xl page width.","Align with DESIGN_SYSTEM.md spec."
166,Low,Design Consistency,Pages/Routing,pages/manage/@id/owner/staff/+Page.tsx,74,"min-w-[120px] TabsTrigger widths are duplicated verbatim in staff/staff/+Page.tsx and owner/staff/+Page.tsx instead of a shared tab-list component.","Extract a shared ManagementTabs component to avoid drift between owner/staff variants."
167,Low,Mobile Responsiveness,Pages/Routing,pages/index/+Page.tsx,45,"Hero section uses an unusual pt-50 md:pt-20 top padding jump (200px to 80px) rather than a smoother responsive scale, likely a byproduct of the same header-offset inconsistency seen in learn/+Page.tsx.","Verify against the actual LandingHeader height and use a standard offset scale (e.g. pt-24 sm:pt-20)."
168,Low,Code Convention,Pages/Routing,pages/manage/@id/owner/menu/@menuId/+Page.tsx,149,"View-mode default is decided by reading window.innerWidth directly in a useEffect inside the page rather than via a shared responsive hook.","Use a shared useIsMobile-style hook (already present in hooks/use-mobile) instead of inline window.innerWidth checks."
169,Low,Mobile Responsiveness,Pages/Routing,pages/manage/@id/owner/announcements/+Page.tsx,256,"Compose dialog's audience selector uses a fixed grid-cols-3 with no smaller-screen fallback inside a max-w-lg dialog, which is cramped on narrow phones.","Consider grid-cols-1 sm:grid-cols-3 for the audience picker."
170,Low,Mobile Responsiveness,Pages/Routing,pages/manage/@id/owner/floor-plan/+Page.tsx,375,"Form dialogs use fixed grid-cols-2 with no responsive breakpoint.","Add a stacked mobile fallback (grid-cols-1 sm:grid-cols-2)."
